id;nom_app;password;action;status;message;date_demande;date_retour;user
1;Manat generation Fresh;Bonaparte Fresh;Buckinghamshire Monitored;Fresh program;protocol Games neural;2022-05-06;2022-05-05;quantify HDD c
2;leverage Silver Midi-Pyrénées;De-engineered c;bluetooth compress synergies;d'Abbeville matrix a;b;2022-05-05;2022-05-06;relationships Franche-Comté Rustic
3;Fresh expedite primary;turquoise Papouasie-Nouvelle-Guinée hacking;Palau;Plastic Cambridgeshire;Bac front-end;2022-05-05;2022-05-06;deposit enterprise white
4;b XSS well-modulated;Agent Pizza Small;functionalities;calculating Automotive;orange Fresh;2022-05-06;2022-05-05;Granite Buckinghamshire Cross-platform
5;Account;Soft up pink;Berkshire;Lempira interfaces;Refined;2022-05-05;2022-05-05;override Chypre HTTP
6;scale Boétie;blue Games mobile;Berkshire Bourgogne orchestration;parsing Bedfordshire Chips;transmit monitor;2022-05-05;2022-05-05;mindshare incubate
7;PNG;Saint-Christophe-et-Niévès generate;d'Assas SCSI;Wooden;Home hub;2022-05-05;2022-05-05;green projection
8;bluetooth Soft;Frozen Investment deposit;b synthesize quantifying;Public-key help-desk;parsing Market Palladium;2022-05-06;2022-05-05;Poitou-Charentes
9;architecture Grèce quantifying;interactive;teal;Technicien;panel Saint-Honoré;2022-05-05;2022-05-05;Pizza Leone Ameliorated
10;Specialiste;Account primary;dot-com;Unbranded Exclusive cross-platform;feed;2022-05-05;2022-05-06;Saint-Honoré Health green
